{
    "filelist": [
        {
            "bkurl": "https://dlmobilegarena-a.akamaihd.net/codm/gcloud/497948935/3077/cures/1.6.9.13/497948935_3077_1.6.9.13_20191220175349_294560886_cures.ifs", 
            "filename": "497948935_3077_1.6.9.13_20191220175349_294560886_cures.ifs", 
            "filesize": 13465237, 
            "md5": "9fbdd13a771b5f55bfca4eb4fb1b6965", 
            "url": "http://dlmobilegarena-a.akamaihd.net/codm/gcloud/497948935/3077/cures/1.6.9.13/497948935_3077_1.6.9.13_20191220175349_294560886_cures.ifs"
        }
    ]
}